prompt_idx,layer,dproj_A20,dproj_B20,dproj_A_L,dproj_B_L,model,vecA_path,vecB_path,roleA,roleB
0,19,0.2579455077648163,-0.0974452942609787,0.364620566368103,-0.0670524537563324,meta-llama/Llama-3.1-8B-Instruct,Llama-3.1-8B-Instruct/multi_role/creative_professional_response_avg_diff.pt,Llama-3.1-8B-Instruct/multi_role/environmentalist_response_avg_diff.pt,creative professional,environmentalist
0,20,0.31454041600227356,-0.1805528700351715,0.31454041600227356,-0.1805528700351715,meta-llama/Llama-3.1-8B-Instruct,Llama-3.1-8B-Instruct/multi_role/creative_professional_response_avg_diff.pt,Llama-3.1-8B-Instruct/multi_role/environmentalist_response_avg_diff.pt,creative professional,environmentalist
0,21,0.404632568359375,-0.2086600661277771,0.561241626739502,-0.1719827502965927,meta-llama/Llama-3.1-8B-Instruct,Llama-3.1-8B-Instruct/multi_role/creative_professional_response_avg_diff.pt,Llama-3.1-8B-Instruct/multi_role/environmentalist_response_avg_diff.pt,creative professional,environmentalist
0,22,0.43501102924346924,-0.24145610630512238,0.6837679147720337,-0.059606343507766724,meta-llama/Llama-3.1-8B-Instruct,Llama-3.1-8B-Instruct/multi_role/creative_professional_response_avg_diff.pt,Llama-3.1-8B-Instruct/multi_role/environmentalist_response_avg_diff.pt,creative professional,environmentalist
0,23,0.4560215473175049,-0.2573046386241913,0.6890864372253418,0.029741108417510986,meta-llama/Llama-3.1-8B-Instruct,Llama-3.1-8B-Instruct/multi_role/creative_professional_response_avg_diff.pt,Llama-3.1-8B-Instruct/multi_role/environmentalist_response_avg_diff.pt,creative professional,environmentalist
0,24,0.43646928668022156,-0.2708589434623718,0.7226148843765259,-0.08150643110275269,meta-llama/Llama-3.1-8B-Instruct,Llama-3.1-8B-Instruct/multi_role/creative_professional_response_avg_diff.pt,Llama-3.1-8B-Instruct/multi_role/environmentalist_response_avg_diff.pt,creative professional,environmentalist
0,25,0.4475700259208679,-0.4048411548137665,0.7987440824508667,-0.05880385637283325,meta-llama/Llama-3.1-8B-Instruct,Llama-3.1-8B-Instruct/multi_role/creative_professional_response_avg_diff.pt,Llama-3.1-8B-Instruct/multi_role/environmentalist_response_avg_diff.pt,creative professional,environmentalist
0,26,0.5986129641532898,-0.44969746470451355,1.0186363458633423,-0.09638035297393799,meta-llama/Llama-3.1-8B-Instruct,Llama-3.1-8B-Instruct/multi_role/creative_professional_response_avg_diff.pt,Llama-3.1-8B-Instruct/multi_role/environmentalist_response_avg_diff.pt,creative professional,environmentalist
0,27,0.6258163452148438,-0.4878140687942505,0.7598368525505066,-0.3413347601890564,meta-llama/Llama-3.1-8B-Instruct,Llama-3.1-8B-Instruct/multi_role/creative_professional_response_avg_diff.pt,Llama-3.1-8B-Instruct/multi_role/environmentalist_response_avg_diff.pt,creative professional,environmentalist
0,28,0.7408767342567444,-0.40411481261253357,0.7980411052703857,-0.3252238631248474,meta-llama/Llama-3.1-8B-Instruct,Llama-3.1-8B-Instruct/multi_role/creative_professional_response_avg_diff.pt,Llama-3.1-8B-Instruct/multi_role/environmentalist_response_avg_diff.pt,creative professional,environmentalist
0,29,0.950332522392273,-0.3050530254840851,0.6855278611183167,-0.45329755544662476,meta-llama/Llama-3.1-8B-Instruct,Llama-3.1-8B-Instruct/multi_role/creative_professional_response_avg_diff.pt,Llama-3.1-8B-Instruct/multi_role/environmentalist_response_avg_diff.pt,creative professional,environmentalist
0,30,0.9683446288108826,-0.35820627212524414,0.4201125502586365,-0.7493423819541931,meta-llama/Llama-3.1-8B-Instruct,Llama-3.1-8B-Instruct/multi_role/creative_professional_response_avg_diff.pt,Llama-3.1-8B-Instruct/multi_role/environmentalist_response_avg_diff.pt,creative professional,environmentalist
0,31,3.6690750122070312,0.08091402053833008,2.3280906677246094,-2.5846242904663086,meta-llama/Llama-3.1-8B-Instruct,Llama-3.1-8B-Instruct/multi_role/creative_professional_response_avg_diff.pt,Llama-3.1-8B-Instruct/multi_role/environmentalist_response_avg_diff.pt,creative professional,environmentalist
1,19,0.3676520586013794,-0.07986177504062653,0.48788341879844666,-0.06012023985385895,meta-llama/Llama-3.1-8B-Instruct,Llama-3.1-8B-Instruct/multi_role/creative_professional_response_avg_diff.pt,Llama-3.1-8B-Instruct/multi_role/environmentalist_response_avg_diff.pt,creative professional,environmentalist
1,20,0.42840662598609924,-0.1550241857767105,0.42840662598609924,-0.1550241857767105,meta-llama/Llama-3.1-8B-Instruct,Llama-3.1-8B-Instruct/multi_role/creative_professional_response_avg_diff.pt,Llama-3.1-8B-Instruct/multi_role/environmentalist_response_avg_diff.pt,creative professional,environmentalist
1,21,0.5194676518440247,-0.20206719636917114,0.6888366937637329,-0.15400542318820953,meta-llama/Llama-3.1-8B-Instruct,Llama-3.1-8B-Instruct/multi_role/creative_professional_response_avg_diff.pt,Llama-3.1-8B-Instruct/multi_role/environmentalist_response_avg_diff.pt,creative professional,environmentalist
1,22,0.5472414493560791,-0.2328273206949234,0.8241096138954163,-0.050027996301651,meta-llama/Llama-3.1-8B-Instruct,Llama-3.1-8B-Instruct/multi_role/creative_professional_response_avg_diff.pt,Llama-3.1-8B-Instruct/multi_role/environmentalist_response_avg_diff.pt,creative professional,environmentalist
1,23,0.5530030727386475,-0.22914057970046997,0.8015394806861877,0.061799436807632446,meta-llama/Llama-3.1-8B-Instruct,Llama-3.1-8B-Instruct/multi_role/creative_professional_response_avg_diff.pt,Llama-3.1-8B-Instruct/multi_role/environmentalist_response_avg_diff.pt,creative professional,environmentalist
1,24,0.5359756946563721,-0.23385214805603027,0.841752290725708,-0.044469356536865234,meta-llama/Llama-3.1-8B-Instruct,Llama-3.1-8B-Instruct/multi_role/creative_professional_response_avg_diff.pt,Llama-3.1-8B-Instruct/multi_role/environmentalist_response_avg_diff.pt,creative professional,environmentalist
1,25,0.5517193078994751,-0.3291039764881134,0.9058369398117065,0.020875662565231323,meta-llama/Llama-3.1-8B-Instruct,Llama-3.1-8B-Instruct/multi_role/creative_professional_response_avg_diff.pt,Llama-3.1-8B-Instruct/multi_role/environmentalist_response_avg_diff.pt,creative professional,environmentalist
1,26,0.7060011625289917,-0.4102151393890381,1.1936931610107422,-0.062010109424591064,meta-llama/Llama-3.1-8B-Instruct,Llama-3.1-8B-Instruct/multi_role/creative_professional_response_avg_diff.pt,Llama-3.1-8B-Instruct/multi_role/environmentalist_response_avg_diff.pt,creative professional,environmentalist
1,27,0.7699462175369263,-0.44444239139556885,1.0022855997085571,-0.2830740809440613,meta-llama/Llama-3.1-8B-Instruct,Llama-3.1-8B-Instruct/multi_role/creative_professional_response_avg_diff.pt,Llama-3.1-8B-Instruct/multi_role/environmentalist_response_avg_diff.pt,creative professional,environmentalist
1,28,0.8853972554206848,-0.3422771096229553,0.9994506239891052,-0.26750051975250244,meta-llama/Llama-3.1-8B-Instruct,Llama-3.1-8B-Instruct/multi_role/creative_professional_response_avg_diff.pt,Llama-3.1-8B-Instruct/multi_role/environmentalist_response_avg_diff.pt,creative professional,environmentalist
1,29,1.1101467609405518,-0.22248733043670654,0.8658215999603271,-0.3588462769985199,meta-llama/Llama-3.1-8B-Instruct,Llama-3.1-8B-Instruct/multi_role/creative_professional_response_avg_diff.pt,Llama-3.1-8B-Instruct/multi_role/environmentalist_response_avg_diff.pt,creative professional,environmentalist
1,30,1.0974630117416382,-0.3578979969024658,0.6502843499183655,-0.6316566467285156,meta-llama/Llama-3.1-8B-Instruct,Llama-3.1-8B-Instruct/multi_role/creative_professional_response_avg_diff.pt,Llama-3.1-8B-Instruct/multi_role/environmentalist_response_avg_diff.pt,creative professional,environmentalist
1,31,4.161729335784912,0.13395947217941284,3.2847747802734375,-2.569505214691162,meta-llama/Llama-3.1-8B-Instruct,Llama-3.1-8B-Instruct/multi_role/creative_professional_response_avg_diff.pt,Llama-3.1-8B-Instruct/multi_role/environmentalist_response_avg_diff.pt,creative professional,environmentalist
2,19,-0.616675853729248,0.012601226568222046,-0.6195379495620728,0.07458984851837158,meta-llama/Llama-3.1-8B-Instruct,Llama-3.1-8B-Instruct/multi_role/creative_professional_response_avg_diff.pt,Llama-3.1-8B-Instruct/multi_role/environmentalist_response_avg_diff.pt,creative professional,environmentalist
2,20,-0.770164966583252,-0.1789950132369995,-0.770164966583252,-0.1789950132369995,meta-llama/Llama-3.1-8B-Instruct,Llama-3.1-8B-Instruct/multi_role/creative_professional_response_avg_diff.pt,Llama-3.1-8B-Instruct/multi_role/environmentalist_response_avg_diff.pt,creative professional,environmentalist
2,21,-0.8734670877456665,-0.20489341020584106,-0.8700602054595947,-0.12084430456161499,meta-llama/Llama-3.1-8B-Instruct,Llama-3.1-8B-Instruct/multi_role/creative_professional_response_avg_diff.pt,Llama-3.1-8B-Instruct/multi_role/environmentalist_response_avg_diff.pt,creative professional,environmentalist
2,22,-0.9818679094314575,-0.2640991806983948,-0.9595975279808044,-0.22181229293346405,meta-llama/Llama-3.1-8B-Instruct,Llama-3.1-8B-Instruct/multi_role/creative_professional_response_avg_diff.pt,Llama-3.1-8B-Instruct/multi_role/environmentalist_response_avg_diff.pt,creative professional,environmentalist
2,23,-0.9895240664482117,-0.2733341455459595,-1.0829949378967285,-0.1586761474609375,meta-llama/Llama-3.1-8B-Instruct,Llama-3.1-8B-Instruct/multi_role/creative_professional_response_avg_diff.pt,Llama-3.1-8B-Instruct/multi_role/environmentalist_response_avg_diff.pt,creative professional,environmentalist
2,24,-1.0698432922363281,-0.26943105459213257,-1.1716320514678955,-0.2668336033821106,meta-llama/Llama-3.1-8B-Instruct,Llama-3.1-8B-Instruct/multi_role/creative_professional_response_avg_diff.pt,Llama-3.1-8B-Instruct/multi_role/environmentalist_response_avg_diff.pt,creative professional,environmentalist
2,25,-1.1809749603271484,-0.39801672101020813,-1.3159947395324707,-0.27044183015823364,meta-llama/Llama-3.1-8B-Instruct,Llama-3.1-8B-Instruct/multi_role/creative_professional_response_avg_diff.pt,Llama-3.1-8B-Instruct/multi_role/environmentalist_response_avg_diff.pt,creative professional,environmentalist
2,26,-1.2201378345489502,-0.5488486289978027,-1.1753395795822144,-0.3497312068939209,meta-llama/Llama-3.1-8B-Instruct,Llama-3.1-8B-Instruct/multi_role/creative_professional_response_avg_diff.pt,Llama-3.1-8B-Instruct/multi_role/environmentalist_response_avg_diff.pt,creative professional,environmentalist
2,27,-1.219194769859314,-0.5538761615753174,-1.3436808586120605,-0.66993647813797,meta-llama/Llama-3.1-8B-Instruct,Llama-3.1-8B-Instruct/multi_role/creative_professional_response_avg_diff.pt,Llama-3.1-8B-Instruct/multi_role/environmentalist_response_avg_diff.pt,creative professional,environmentalist
2,28,-1.314354658126831,-0.4075046181678772,-1.5201237201690674,-0.4805315434932709,meta-llama/Llama-3.1-8B-Instruct,Llama-3.1-8B-Instruct/multi_role/creative_professional_response_avg_diff.pt,Llama-3.1-8B-Instruct/multi_role/environmentalist_response_avg_diff.pt,creative professional,environmentalist
2,29,-1.3719229698181152,-0.5771293640136719,-1.6998835802078247,-0.4782533645629883,meta-llama/Llama-3.1-8B-Instruct,Llama-3.1-8B-Instruct/multi_role/creative_professional_response_avg_diff.pt,Llama-3.1-8B-Instruct/multi_role/environmentalist_response_avg_diff.pt,creative professional,environmentalist
2,30,-1.4419269561767578,-1.061330795288086,-1.3693138360977173,-1.1029555797576904,meta-llama/Llama-3.1-8B-Instruct,Llama-3.1-8B-Instruct/multi_role/creative_professional_response_avg_diff.pt,Llama-3.1-8B-Instruct/multi_role/environmentalist_response_avg_diff.pt,creative professional,environmentalist
2,31,-0.04705500602722168,-2.31658673286438,-3.046189785003662,-5.366158485412598,meta-llama/Llama-3.1-8B-Instruct,Llama-3.1-8B-Instruct/multi_role/creative_professional_response_avg_diff.pt,Llama-3.1-8B-Instruct/multi_role/environmentalist_response_avg_diff.pt,creative professional,environmentalist
3,19,-0.6940361261367798,0.3029428720474243,-0.7102230787277222,0.331589013338089,meta-llama/Llama-3.1-8B-Instruct,Llama-3.1-8B-Instruct/multi_role/creative_professional_response_avg_diff.pt,Llama-3.1-8B-Instruct/multi_role/environmentalist_response_avg_diff.pt,creative professional,environmentalist
3,20,-0.8260302543640137,0.1806723177433014,-0.8260302543640137,0.1806723177433014,meta-llama/Llama-3.1-8B-Instruct,Llama-3.1-8B-Instruct/multi_role/creative_professional_response_avg_diff.pt,Llama-3.1-8B-Instruct/multi_role/environmentalist_response_avg_diff.pt,creative professional,environmentalist
3,21,-0.9940876960754395,0.13957533240318298,-1.0611763000488281,0.26078128814697266,meta-llama/Llama-3.1-8B-Instruct,Llama-3.1-8B-Instruct/multi_role/creative_professional_response_avg_diff.pt,Llama-3.1-8B-Instruct/multi_role/environmentalist_response_avg_diff.pt,creative professional,environmentalist
3,22,-1.1274396181106567,0.08481261134147644,-1.2140676975250244,0.12678168714046478,meta-llama/Llama-3.1-8B-Instruct,Llama-3.1-8B-Instruct/multi_role/creative_professional_response_avg_diff.pt,Llama-3.1-8B-Instruct/multi_role/environmentalist_response_avg_diff.pt,creative professional,environmentalist
3,23,-1.229736089706421,-0.06256094574928284,-1.3998709917068481,0.10263556241989136,meta-llama/Llama-3.1-8B-Instruct,Llama-3.1-8B-Instruct/multi_role/creative_professional_response_avg_diff.pt,Llama-3.1-8B-Instruct/multi_role/environmentalist_response_avg_diff.pt,creative professional,environmentalist
3,24,-1.3765870332717896,-0.13218222558498383,-1.4638481140136719,-0.0688525140285492,meta-llama/Llama-3.1-8B-Instruct,Llama-3.1-8B-Instruct/multi_role/creative_professional_response_avg_diff.pt,Llama-3.1-8B-Instruct/multi_role/environmentalist_response_avg_diff.pt,creative professional,environmentalist
3,25,-1.5298235416412354,-0.23682591319084167,-1.5985500812530518,0.04966498911380768,meta-llama/Llama-3.1-8B-Instruct,Llama-3.1-8B-Instruct/multi_role/creative_professional_response_avg_diff.pt,Llama-3.1-8B-Instruct/multi_role/environmentalist_response_avg_diff.pt,creative professional,environmentalist
3,26,-1.5739816427230835,-0.4951108396053314,-1.3869909048080444,-0.15382234752178192,meta-llama/Llama-3.1-8B-Instruct,Llama-3.1-8B-Instruct/multi_role/creative_professional_response_avg_diff.pt,Llama-3.1-8B-Instruct/multi_role/environmentalist_response_avg_diff.pt,creative professional,environmentalist
3,27,-1.5518786907196045,-0.4908987283706665,-1.551263451576233,-0.48343604803085327,meta-llama/Llama-3.1-8B-Instruct,Llama-3.1-8B-Instruct/multi_role/creative_professional_response_avg_diff.pt,Llama-3.1-8B-Instruct/multi_role/environmentalist_response_avg_diff.pt,creative professional,environmentalist
3,28,-1.6526391506195068,-0.5356912612915039,-1.6884572505950928,-0.536430299282074,meta-llama/Llama-3.1-8B-Instruct,Llama-3.1-8B-Instruct/multi_role/creative_professional_response_avg_diff.pt,Llama-3.1-8B-Instruct/multi_role/environmentalist_response_avg_diff.pt,creative professional,environmentalist
3,29,-1.4751617908477783,-0.3953923285007477,-1.8739421367645264,-0.4382392466068268,meta-llama/Llama-3.1-8B-Instruct,Llama-3.1-8B-Instruct/multi_role/creative_professional_response_avg_diff.pt,Llama-3.1-8B-Instruct/multi_role/environmentalist_response_avg_diff.pt,creative professional,environmentalist
3,30,-1.3177940845489502,-0.46333417296409607,-1.8866335153579712,-0.7029056549072266,meta-llama/Llama-3.1-8B-Instruct,Llama-3.1-8B-Instruct/multi_role/creative_professional_response_avg_diff.pt,Llama-3.1-8B-Instruct/multi_role/environmentalist_response_avg_diff.pt,creative professional,environmentalist
3,31,-0.7139413952827454,-1.4033253192901611,-4.066540718078613,-3.2187881469726562,meta-llama/Llama-3.1-8B-Instruct,Llama-3.1-8B-Instruct/multi_role/creative_professional_response_avg_diff.pt,Llama-3.1-8B-Instruct/multi_role/environmentalist_response_avg_diff.pt,creative professional,environmentalist
4,19,-0.6775012016296387,0.20866015553474426,-0.6737543344497681,0.23918834328651428,meta-llama/Llama-3.1-8B-Instruct,Llama-3.1-8B-Instruct/multi_role/creative_professional_response_avg_diff.pt,Llama-3.1-8B-Instruct/multi_role/environmentalist_response_avg_diff.pt,creative professional,environmentalist
4,20,-0.7781451940536499,0.09895062446594238,-0.7781451940536499,0.09895062446594238,meta-llama/Llama-3.1-8B-Instruct,Llama-3.1-8B-Instruct/multi_role/creative_professional_response_avg_diff.pt,Llama-3.1-8B-Instruct/multi_role/environmentalist_response_avg_diff.pt,creative professional,environmentalist
4,21,-0.9474923014640808,0.17166610062122345,-0.9607671499252319,0.2688814103603363,meta-llama/Llama-3.1-8B-Instruct,Llama-3.1-8B-Instruct/multi_role/creative_professional_response_avg_diff.pt,Llama-3.1-8B-Instruct/multi_role/environmentalist_response_avg_diff.pt,creative professional,environmentalist
4,22,-0.981336236000061,0.08262710273265839,-1.0071041584014893,0.06973090767860413,meta-llama/Llama-3.1-8B-Instruct,Llama-3.1-8B-Instruct/multi_role/creative_professional_response_avg_diff.pt,Llama-3.1-8B-Instruct/multi_role/environmentalist_response_avg_diff.pt,creative professional,environmentalist
4,23,-1.0156664848327637,0.06838996708393097,-1.1570539474487305,0.18759740889072418,meta-llama/Llama-3.1-8B-Instruct,Llama-3.1-8B-Instruct/multi_role/creative_professional_response_avg_diff.pt,Llama-3.1-8B-Instruct/multi_role/environmentalist_response_avg_diff.pt,creative professional,environmentalist
4,24,-1.129180908203125,-0.028736218810081482,-1.3226591348648071,0.032695919275283813,meta-llama/Llama-3.1-8B-Instruct,Llama-3.1-8B-Instruct/multi_role/creative_professional_response_avg_diff.pt,Llama-3.1-8B-Instruct/multi_role/environmentalist_response_avg_diff.pt,creative professional,environmentalist
4,25,-1.2118717432022095,-0.10144641995429993,-1.449045181274414,0.10343080759048462,meta-llama/Llama-3.1-8B-Instruct,Llama-3.1-8B-Instruct/multi_role/creative_professional_response_avg_diff.pt,Llama-3.1-8B-Instruct/multi_role/environmentalist_response_avg_diff.pt,creative professional,environmentalist
4,26,-1.2873094081878662,-0.3243659734725952,-1.3286142349243164,-0.06539304554462433,meta-llama/Llama-3.1-8B-Instruct,Llama-3.1-8B-Instruct/multi_role/creative_professional_response_avg_diff.pt,Llama-3.1-8B-Instruct/multi_role/environmentalist_response_avg_diff.pt,creative professional,environmentalist
4,27,-1.4038938283920288,-0.28794795274734497,-1.637880563735962,-0.259843111038208,meta-llama/Llama-3.1-8B-Instruct,Llama-3.1-8B-Instruct/multi_role/creative_professional_response_avg_diff.pt,Llama-3.1-8B-Instruct/multi_role/environmentalist_response_avg_diff.pt,creative professional,environmentalist
4,28,-1.3497525453567505,-0.24019671976566315,-1.7511330842971802,-0.23140428960323334,meta-llama/Llama-3.1-8B-Instruct,Llama-3.1-8B-Instruct/multi_role/creative_professional_response_avg_diff.pt,Llama-3.1-8B-Instruct/multi_role/environmentalist_response_avg_diff.pt,creative professional,environmentalist
4,29,-1.2736246585845947,-0.47374919056892395,-1.5302753448486328,-0.29730328917503357,meta-llama/Llama-3.1-8B-Instruct,Llama-3.1-8B-Instruct/multi_role/creative_professional_response_avg_diff.pt,Llama-3.1-8B-Instruct/multi_role/environmentalist_response_avg_diff.pt,creative professional,environmentalist
4,30,-0.993904173374176,-0.7590036988258362,-1.4024839401245117,-0.7393342852592468,meta-llama/Llama-3.1-8B-Instruct,Llama-3.1-8B-Instruct/multi_role/creative_professional_response_avg_diff.pt,Llama-3.1-8B-Instruct/multi_role/environmentalist_response_avg_diff.pt,creative professional,environmentalist
4,31,-0.6494842767715454,-2.2536728382110596,-3.6466798782348633,-5.674287796020508,meta-llama/Llama-3.1-8B-Instruct,Llama-3.1-8B-Instruct/multi_role/creative_professional_response_avg_diff.pt,Llama-3.1-8B-Instruct/multi_role/environmentalist_response_avg_diff.pt,creative professional,environmentalist
5,19,-0.7403767704963684,0.19755065441131592,-0.6298508048057556,0.2174735814332962,meta-llama/Llama-3.1-8B-Instruct,Llama-3.1-8B-Instruct/multi_role/creative_professional_response_avg_diff.pt,Llama-3.1-8B-Instruct/multi_role/environmentalist_response_avg_diff.pt,creative professional,environmentalist
5,20,-0.6669542789459229,0.062735915184021,-0.6669542789459229,0.062735915184021,meta-llama/Llama-3.1-8B-Instruct,Llama-3.1-8B-Instruct/multi_role/creative_professional_response_avg_diff.pt,Llama-3.1-8B-Instruct/multi_role/environmentalist_response_avg_diff.pt,creative professional,environmentalist
5,21,-0.6884896159172058,0.032884761691093445,-0.6048829555511475,0.08921651542186737,meta-llama/Llama-3.1-8B-Instruct,Llama-3.1-8B-Instruct/multi_role/creative_professional_response_avg_diff.pt,Llama-3.1-8B-Instruct/multi_role/environmentalist_response_avg_diff.pt,creative professional,environmentalist
5,22,-0.7862826585769653,0.028663381934165955,-0.6611138582229614,0.10960572957992554,meta-llama/Llama-3.1-8B-Instruct,Llama-3.1-8B-Instruct/multi_role/creative_professional_response_avg_diff.pt,Llama-3.1-8B-Instruct/multi_role/environmentalist_response_avg_diff.pt,creative professional,environmentalist
5,23,-0.7523205876350403,-0.08205558359622955,-0.7065314054489136,0.09790782630443573,meta-llama/Llama-3.1-8B-Instruct,Llama-3.1-8B-Instruct/multi_role/creative_professional_response_avg_diff.pt,Llama-3.1-8B-Instruct/multi_role/environmentalist_response_avg_diff.pt,creative professional,environmentalist
5,24,-0.8129615783691406,-0.16115997731685638,-0.7686149477958679,-0.04033760726451874,meta-llama/Llama-3.1-8B-Instruct,Llama-3.1-8B-Instruct/multi_role/creative_professional_response_avg_diff.pt,Llama-3.1-8B-Instruct/multi_role/environmentalist_response_avg_diff.pt,creative professional,environmentalist
5,25,-0.8638781309127808,-0.1289452761411667,-0.823898196220398,0.11111682653427124,meta-llama/Llama-3.1-8B-Instruct,Llama-3.1-8B-Instruct/multi_role/creative_professional_response_avg_diff.pt,Llama-3.1-8B-Instruct/multi_role/environmentalist_response_avg_diff.pt,creative professional,environmentalist
5,26,-0.8303827047348022,-0.24073103070259094,-0.6207578778266907,0.09312460571527481,meta-llama/Llama-3.1-8B-Instruct,Llama-3.1-8B-Instruct/multi_role/creative_professional_response_avg_diff.pt,Llama-3.1-8B-Instruct/multi_role/environmentalist_response_avg_diff.pt,creative professional,environmentalist
5,27,-0.8627156019210815,-0.11131027340888977,-0.9646464586257935,-0.06461744010448456,meta-llama/Llama-3.1-8B-Instruct,Llama-3.1-8B-Instruct/multi_role/creative_professional_response_avg_diff.pt,Llama-3.1-8B-Instruct/multi_role/environmentalist_response_avg_diff.pt,creative professional,environmentalist
5,28,-0.6665076017379761,0.029664024710655212,-0.8902513384819031,0.03388319909572601,meta-llama/Llama-3.1-8B-Instruct,Llama-3.1-8B-Instruct/multi_role/creative_professional_response_avg_diff.pt,Llama-3.1-8B-Instruct/multi_role/environmentalist_response_avg_diff.pt,creative professional,environmentalist
5,29,-0.5688676238059998,0.04737183451652527,-1.0193432569503784,0.13066719472408295,meta-llama/Llama-3.1-8B-Instruct,Llama-3.1-8B-Instruct/multi_role/creative_professional_response_avg_diff.pt,Llama-3.1-8B-Instruct/multi_role/environmentalist_response_avg_diff.pt,creative professional,environmentalist
5,30,-0.2849734425544739,-0.4253244996070862,-0.5747187733650208,-0.2759346663951874,meta-llama/Llama-3.1-8B-Instruct,Llama-3.1-8B-Instruct/multi_role/creative_professional_response_avg_diff.pt,Llama-3.1-8B-Instruct/multi_role/environmentalist_response_avg_diff.pt,creative professional,environmentalist
5,31,0.19495946168899536,0.0007629990577697754,-4.144979476928711,-3.293672561645508,meta-llama/Llama-3.1-8B-Instruct,Llama-3.1-8B-Instruct/multi_role/creative_professional_response_avg_diff.pt,Llama-3.1-8B-Instruct/multi_role/environmentalist_response_avg_diff.pt,creative professional,environmentalist
6,19,-0.9530428051948547,0.11293862760066986,-0.8311189413070679,0.1309688687324524,meta-llama/Llama-3.1-8B-Instruct,Llama-3.1-8B-Instruct/multi_role/creative_professional_response_avg_diff.pt,Llama-3.1-8B-Instruct/multi_role/environmentalist_response_avg_diff.pt,creative professional,environmentalist
6,20,-0.9174933433532715,-0.02360840141773224,-0.9174933433532715,-0.02360840141773224,meta-llama/Llama-3.1-8B-Instruct,Llama-3.1-8B-Instruct/multi_role/creative_professional_response_avg_diff.pt,Llama-3.1-8B-Instruct/multi_role/environmentalist_response_avg_diff.pt,creative professional,environmentalist
6,21,-0.935701847076416,-0.056623756885528564,-0.8552351593971252,0.010823234915733337,meta-llama/Llama-3.1-8B-Instruct,Llama-3.1-8B-Instruct/multi_role/creative_professional_response_avg_diff.pt,Llama-3.1-8B-Instruct/multi_role/environmentalist_response_avg_diff.pt,creative professional,environmentalist
6,22,-1.0420030355453491,-0.0655784010887146,-0.9303944110870361,0.021019592881202698,meta-llama/Llama-3.1-8B-Instruct,Llama-3.1-8B-Instruct/multi_role/creative_professional_response_avg_diff.pt,Llama-3.1-8B-Instruct/multi_role/environmentalist_response_avg_diff.pt,creative professional,environmentalist
6,23,-1.0607399940490723,-0.15402109920978546,-1.041820764541626,0.04751506447792053,meta-llama/Llama-3.1-8B-Instruct,Llama-3.1-8B-Instruct/multi_role/creative_professional_response_avg_diff.pt,Llama-3.1-8B-Instruct/multi_role/environmentalist_response_avg_diff.pt,creative professional,environmentalist
6,24,-1.1321098804473877,-0.2239755392074585,-1.1662216186523438,-0.11157664656639099,meta-llama/Llama-3.1-8B-Instruct,Llama-3.1-8B-Instruct/multi_role/creative_professional_response_avg_diff.pt,Llama-3.1-8B-Instruct/multi_role/environmentalist_response_avg_diff.pt,creative professional,environmentalist
6,25,-1.150748372077942,-0.17203083634376526,-1.2406420707702637,0.06331102550029755,meta-llama/Llama-3.1-8B-Instruct,Llama-3.1-8B-Instruct/multi_role/creative_professional_response_avg_diff.pt,Llama-3.1-8B-Instruct/multi_role/environmentalist_response_avg_diff.pt,creative professional,environmentalist
6,26,-1.1063960790634155,-0.2765926420688629,-1.0397897958755493,0.03930652141571045,meta-llama/Llama-3.1-8B-Instruct,Llama-3.1-8B-Instruct/multi_role/creative_professional_response_avg_diff.pt,Llama-3.1-8B-Instruct/multi_role/environmentalist_response_avg_diff.pt,creative professional,environmentalist
6,27,-1.1556320190429688,-0.1911630630493164,-1.3873291015625,-0.15992899239063263,meta-llama/Llama-3.1-8B-Instruct,Llama-3.1-8B-Instruct/multi_role/creative_professional_response_avg_diff.pt,Llama-3.1-8B-Instruct/multi_role/environmentalist_response_avg_diff.pt,creative professional,environmentalist
6,28,-0.9884461760520935,-0.17215602099895477,-1.2819936275482178,-0.16290855407714844,meta-llama/Llama-3.1-8B-Instruct,Llama-3.1-8B-Instruct/multi_role/creative_professional_response_avg_diff.pt,Llama-3.1-8B-Instruct/multi_role/environmentalist_response_avg_diff.pt,creative professional,environmentalist
6,29,-0.87067049741745,-0.17717234790325165,-1.4363486766815186,-0.07927918434143066,meta-llama/Llama-3.1-8B-Instruct,Llama-3.1-8B-Instruct/multi_role/creative_professional_response_avg_diff.pt,Llama-3.1-8B-Instruct/multi_role/environmentalist_response_avg_diff.pt,creative professional,environmentalist
6,30,-0.651849091053009,-0.6105597615242004,-1.1119297742843628,-0.5478743314743042,meta-llama/Llama-3.1-8B-Instruct,Llama-3.1-8B-Instruct/multi_role/creative_professional_response_avg_diff.pt,Llama-3.1-8B-Instruct/multi_role/environmentalist_response_avg_diff.pt,creative professional,environmentalist
6,31,-0.3571763038635254,-0.18251949548721313,-4.318154335021973,-3.994472026824951,meta-llama/Llama-3.1-8B-Instruct,Llama-3.1-8B-Instruct/multi_role/creative_professional_response_avg_diff.pt,Llama-3.1-8B-Instruct/multi_role/environmentalist_response_avg_diff.pt,creative professional,environmentalist
7,19,-0.9591689109802246,0.17322272062301636,-0.8414922952651978,0.175689697265625,meta-llama/Llama-3.1-8B-Instruct,Llama-3.1-8B-Instruct/multi_role/creative_professional_response_avg_diff.pt,Llama-3.1-8B-Instruct/multi_role/environmentalist_response_avg_diff.pt,creative professional,environmentalist
7,20,-0.9463163614273071,0.0531761571764946,-0.9463163614273071,0.0531761571764946,meta-llama/Llama-3.1-8B-Instruct,Llama-3.1-8B-Instruct/multi_role/creative_professional_response_avg_diff.pt,Llama-3.1-8B-Instruct/multi_role/environmentalist_response_avg_diff.pt,creative professional,environmentalist
7,21,-0.9814279079437256,0.048409998416900635,-0.8982530832290649,0.10418498516082764,meta-llama/Llama-3.1-8B-Instruct,Llama-3.1-8B-Instruct/multi_role/creative_professional_response_avg_diff.pt,Llama-3.1-8B-Instruct/multi_role/environmentalist_response_avg_diff.pt,creative professional,environmentalist
7,22,-1.0994828939437866,0.02158096432685852,-1.0050722360610962,0.11560781300067902,meta-llama/Llama-3.1-8B-Instruct,Llama-3.1-8B-Instruct/multi_role/creative_professional_response_avg_diff.pt,Llama-3.1-8B-Instruct/multi_role/environmentalist_response_avg_diff.pt,creative professional,environmentalist
7,23,-1.0867340564727783,-0.059197619557380676,-1.0666909217834473,0.13052555918693542,meta-llama/Llama-3.1-8B-Instruct,Llama-3.1-8B-Instruct/multi_role/creative_professional_response_avg_diff.pt,Llama-3.1-8B-Instruct/multi_role/environmentalist_response_avg_diff.pt,creative professional,environmentalist
7,24,-1.1784909963607788,-0.1204034686088562,-1.2095685005187988,0.016762375831604004,meta-llama/Llama-3.1-8B-Instruct,Llama-3.1-8B-Instruct/multi_role/creative_professional_response_avg_diff.pt,Llama-3.1-8B-Instruct/multi_role/environmentalist_response_avg_diff.pt,creative professional,environmentalist
7,25,-1.214595079421997,-0.08142530918121338,-1.3218398094177246,0.16209949553012848,meta-llama/Llama-3.1-8B-Instruct,Llama-3.1-8B-Instruct/multi_role/creative_professional_response_avg_diff.pt,Llama-3.1-8B-Instruct/multi_role/environmentalist_response_avg_diff.pt,creative professional,environmentalist
7,26,-1.1729674339294434,-0.13798323273658752,-1.1772338151931763,0.18468311429023743,meta-llama/Llama-3.1-8B-Instruct,Llama-3.1-8B-Instruct/multi_role/creative_professional_response_avg_diff.pt,Llama-3.1-8B-Instruct/multi_role/environmentalist_response_avg_diff.pt,creative professional,environmentalist
7,27,-1.2237067222595215,-0.02848067879676819,-1.4637881517410278,0.051349788904190063,meta-llama/Llama-3.1-8B-Instruct,Llama-3.1-8B-Instruct/multi_role/creative_professional_response_avg_diff.pt,Llama-3.1-8B-Instruct/multi_role/environmentalist_response_avg_diff.pt,creative professional,environmentalist
7,28,-1.0221658945083618,0.04746171832084656,-1.361912488937378,0.09993509948253632,meta-llama/Llama-3.1-8B-Instruct,Llama-3.1-8B-Instruct/multi_role/creative_professional_response_avg_diff.pt,Llama-3.1-8B-Instruct/multi_role/environmentalist_response_avg_diff.pt,creative professional,environmentalist
7,29,-0.8847733736038208,-0.02528981864452362,-1.4562448263168335,0.16893437504768372,meta-llama/Llama-3.1-8B-Instruct,Llama-3.1-8B-Instruct/multi_role/creative_professional_response_avg_diff.pt,Llama-3.1-8B-Instruct/multi_role/environmentalist_response_avg_diff.pt,creative professional,environmentalist
7,30,-0.6327503323554993,-0.4322912096977234,-1.105916976928711,-0.21538855135440826,meta-llama/Llama-3.1-8B-Instruct,Llama-3.1-8B-Instruct/multi_role/creative_professional_response_avg_diff.pt,Llama-3.1-8B-Instruct/multi_role/environmentalist_response_avg_diff.pt,creative professional,environmentalist
7,31,0.12432414293289185,-0.17867010831832886,-4.175045013427734,-3.5791401863098145,meta-llama/Llama-3.1-8B-Instruct,Llama-3.1-8B-Instruct/multi_role/creative_professional_response_avg_diff.pt,Llama-3.1-8B-Instruct/multi_role/environmentalist_response_avg_diff.pt,creative professional,environmentalist
8,19,-0.030101124197244644,0.19395793974399567,-0.038105204701423645,0.19813023507595062,meta-llama/Llama-3.1-8B-Instruct,Llama-3.1-8B-Instruct/multi_role/creative_professional_response_avg_diff.pt,Llama-3.1-8B-Instruct/multi_role/environmentalist_response_avg_diff.pt,creative professional,environmentalist
8,20,-0.044296253472566605,0.1891223043203354,-0.044296253472566605,0.1891223043203354,meta-llama/Llama-3.1-8B-Instruct,Llama-3.1-8B-Instruct/multi_role/creative_professional_response_avg_diff.pt,Llama-3.1-8B-Instruct/multi_role/environmentalist_response_avg_diff.pt,creative professional,environmentalist
8,21,-0.030030619353055954,0.25898241996765137,-0.04479651525616646,0.32455796003341675,meta-llama/Llama-3.1-8B-Instruct,Llama-3.1-8B-Instruct/multi_role/creative_professional_response_avg_diff.pt,Llama-3.1-8B-Instruct/multi_role/environmentalist_response_avg_diff.pt,creative professional,environmentalist
8,22,-0.03612539917230606,0.2248261570930481,-0.06331045925617218,0.3012915849685669,meta-llama/Llama-3.1-8B-Instruct,Llama-3.1-8B-Instruct/multi_role/creative_professional_response_avg_diff.pt,Llama-3.1-8B-Instruct/multi_role/environmentalist_response_avg_diff.pt,creative professional,environmentalist
8,23,-0.024113040417432785,0.21917815506458282,-0.08602012693881989,0.29508134722709656,meta-llama/Llama-3.1-8B-Instruct,Llama-3.1-8B-Instruct/multi_role/creative_professional_response_avg_diff.pt,Llama-3.1-8B-Instruct/multi_role/environmentalist_response_avg_diff.pt,creative professional,environmentalist
8,24,-0.023887790739536285,0.16808411478996277,-0.06063483655452728,0.21843472123146057,meta-llama/Llama-3.1-8B-Instruct,Llama-3.1-8B-Instruct/multi_role/creative_professional_response_avg_diff.pt,Llama-3.1-8B-Instruct/multi_role/environmentalist_response_avg_diff.pt,creative professional,environmentalist
8,25,-0.08821210265159607,0.09774981439113617,-0.035587161779403687,0.24567316472530365,meta-llama/Llama-3.1-8B-Instruct,Llama-3.1-8B-Instruct/multi_role/creative_professional_response_avg_diff.pt,Llama-3.1-8B-Instruct/multi_role/environmentalist_response_avg_diff.pt,creative professional,environmentalist
8,26,-0.08210897445678711,0.04607537388801575,0.0675126314163208,0.1716071218252182,meta-llama/Llama-3.1-8B-Instruct,Llama-3.1-8B-Instruct/multi_role/creative_professional_response_avg_diff.pt,Llama-3.1-8B-Instruct/multi_role/environmentalist_response_avg_diff.pt,creative professional,environmentalist
8,27,-0.08915278315544128,-0.0743187665939331,0.04046061635017395,-0.04528917372226715,meta-llama/Llama-3.1-8B-Instruct,Llama-3.1-8B-Instruct/multi_role/creative_professional_response_avg_diff.pt,Llama-3.1-8B-Instruct/multi_role/environmentalist_response_avg_diff.pt,creative professional,environmentalist
8,28,-0.024695396423339844,-0.005266427993774414,0.12581253051757812,-0.06665846705436707,meta-llama/Llama-3.1-8B-Instruct,Llama-3.1-8B-Instruct/multi_role/creative_professional_response_avg_diff.pt,Llama-3.1-8B-Instruct/multi_role/environmentalist_response_avg_diff.pt,creative professional,environmentalist
8,29,0.05472432076931,-0.05293983221054077,0.10755005478858948,-0.17414726316928864,meta-llama/Llama-3.1-8B-Instruct,Llama-3.1-8B-Instruct/multi_role/creative_professional_response_avg_diff.pt,Llama-3.1-8B-Instruct/multi_role/environmentalist_response_avg_diff.pt,creative professional,environmentalist
8,30,0.2220233827829361,-0.09116300940513611,0.024832457304000854,-0.3227533996105194,meta-llama/Llama-3.1-8B-Instruct,Llama-3.1-8B-Instruct/multi_role/creative_professional_response_avg_diff.pt,Llama-3.1-8B-Instruct/multi_role/environmentalist_response_avg_diff.pt,creative professional,environmentalist
8,31,0.794718861579895,-0.38099992275238037,0.056068360805511475,-2.1233344078063965,meta-llama/Llama-3.1-8B-Instruct,Llama-3.1-8B-Instruct/multi_role/creative_professional_response_avg_diff.pt,Llama-3.1-8B-Instruct/multi_role/environmentalist_response_avg_diff.pt,creative professional,environmentalist
9,19,-0.3228091597557068,-0.15298281610012054,-0.27652937173843384,-0.17205819487571716,meta-llama/Llama-3.1-8B-Instruct,Llama-3.1-8B-Instruct/multi_role/creative_professional_response_avg_diff.pt,Llama-3.1-8B-Instruct/multi_role/environmentalist_response_avg_diff.pt,creative professional,environmentalist
9,20,-0.3362830579280853,-0.24207723140716553,-0.3362830579280853,-0.24207723140716553,meta-llama/Llama-3.1-8B-Instruct,Llama-3.1-8B-Instruct/multi_role/creative_professional_response_avg_diff.pt,Llama-3.1-8B-Instruct/multi_role/environmentalist_response_avg_diff.pt,creative professional,environmentalist
9,21,-0.3492138385772705,-0.2632666826248169,-0.32899075746536255,-0.21747811138629913,meta-llama/Llama-3.1-8B-Instruct,Llama-3.1-8B-Instruct/multi_role/creative_professional_response_avg_diff.pt,Llama-3.1-8B-Instruct/multi_role/environmentalist_response_avg_diff.pt,creative professional,environmentalist
9,22,-0.37231868505477905,-0.25924360752105713,-0.4186117649078369,-0.1364973783493042,meta-llama/Llama-3.1-8B-Instruct,Llama-3.1-8B-Instruct/multi_role/creative_professional_response_avg_diff.pt,Llama-3.1-8B-Instruct/multi_role/environmentalist_response_avg_diff.pt,creative professional,environmentalist
9,23,-0.3626214861869812,-0.31049174070358276,-0.46119898557662964,-0.15884655714035034,meta-llama/Llama-3.1-8B-Instruct,Llama-3.1-8B-Instruct/multi_role/creative_professional_response_avg_diff.pt,Llama-3.1-8B-Instruct/multi_role/environmentalist_response_avg_diff.pt,creative professional,environmentalist
9,24,-0.4259425103664398,-0.2658310532569885,-0.44458383321762085,-0.1708640456199646,meta-llama/Llama-3.1-8B-Instruct,Llama-3.1-8B-Instruct/multi_role/creative_professional_response_avg_diff.pt,Llama-3.1-8B-Instruct/multi_role/environmentalist_response_avg_diff.pt,creative professional,environmentalist
9,25,-0.47868794202804565,-0.33231687545776367,-0.44817572832107544,-0.06243661046028137,meta-llama/Llama-3.1-8B-Instruct,Llama-3.1-8B-Instruct/multi_role/creative_professional_response_avg_diff.pt,Llama-3.1-8B-Instruct/multi_role/environmentalist_response_avg_diff.pt,creative professional,environmentalist
9,26,-0.4705965220928192,-0.4611477553844452,-0.2660548985004425,-0.2125057578086853,meta-llama/Llama-3.1-8B-Instruct,Llama-3.1-8B-Instruct/multi_role/creative_professional_response_avg_diff.pt,Llama-3.1-8B-Instruct/multi_role/environmentalist_response_avg_diff.pt,creative professional,environmentalist
9,27,-0.5074533820152283,-0.6131147146224976,-0.5328309535980225,-0.5106774568557739,meta-llama/Llama-3.1-8B-Instruct,Llama-3.1-8B-Instruct/multi_role/creative_professional_response_avg_diff.pt,Llama-3.1-8B-Instruct/multi_role/environmentalist_response_avg_diff.pt,creative professional,environmentalist
9,28,-0.5491871237754822,-0.5899387001991272,-0.6192765235900879,-0.4077792465686798,meta-llama/Llama-3.1-8B-Instruct,Llama-3.1-8B-Instruct/multi_role/creative_professional_response_avg_diff.pt,Llama-3.1-8B-Instruct/multi_role/environmentalist_response_avg_diff.pt,creative professional,environmentalist
9,29,-0.49982860684394836,-0.7152815461158752,-0.6946552991867065,-0.6844053268432617,meta-llama/Llama-3.1-8B-Instruct,Llama-3.1-8B-Instruct/multi_role/creative_professional_response_avg_diff.pt,Llama-3.1-8B-Instruct/multi_role/environmentalist_response_avg_diff.pt,creative professional,environmentalist
9,30,-0.35169070959091187,-0.7510271668434143,-0.8803943395614624,-0.874301552772522,meta-llama/Llama-3.1-8B-Instruct,Llama-3.1-8B-Instruct/multi_role/creative_professional_response_avg_diff.pt,Llama-3.1-8B-Instruct/multi_role/environmentalist_response_avg_diff.pt,creative professional,environmentalist
9,31,0.5570020079612732,1.8569986820220947,-1.5481233596801758,-1.286289930343628,meta-llama/Llama-3.1-8B-Instruct,Llama-3.1-8B-Instruct/multi_role/creative_professional_response_avg_diff.pt,Llama-3.1-8B-Instruct/multi_role/environmentalist_response_avg_diff.pt,creative professional,environmentalist
